{"name":"b9fac7f4-0119-4de9-9d4e-f08d2b8ae71e","id":"/providers/Microsoft.Flow/flows/b9fac7f4-0119-4de9-9d4e-f08d2b8ae71e","type":"Microsoft.Flow/flows","properties":{"apiId":"/providers/Microsoft.PowerApps/apis/shared_logicflows","displayName":"Microsoft Teams Health and Feature Monitoring","definition":{"metadata":{"workflowEntityId":null,"flowclientsuspensionreason":"None","flowclientsuspensiontime":null,"creator":{"id":"ee570331-7494-4f7d-94df-f9a8c4df1c64","type":"User","tenantId":"48bd763d-1a06-48ce-a81e-b9ddb7188ca0"},"provisioningMethod":"FromDefinition","failureAlertSubscription":true,"clientLastModifiedTime":"2020-11-18T21:13:39.9767515Z"},"$schema":"https://schema.management.azure.com/providers/Microsoft.Logic/schemas/2016-06-01/workflowdefinition.json#","contentVersion":"1.0.0.0","parameters":{"$connections":{"defaultValue":{},"type":"Object"},"$authentication":{"defaultValue":{},"type":"SecureObject"}},"triggers":{"Recurrence":{"recurrence":{"frequency":"Minute","interval":20,"timeZone":"W. Europe Standard Time","startTime":"2020-03-26T06:20:00Z"},"type":"Recurrence"}},"actions":{"Initialize_TenantID_variable":{"runAfter":{"SharePoint_Logo_URL":["Succeeded"]},"type":"InitializeVariable","inputs":{"variables":[{"name":"TenantID","type":"string","value":"{Tenant-ID}"}]}},"Initialize_ClientID_variable":{"runAfter":{"Initialize_TenantID_variable":["Succeeded"]},"type":"InitializeVariable","inputs":{"variables":[{"name":"ClientID","type":"string","value":"{Client-ID}"}]}},"Initialize_ClientSecret_variable":{"runAfter":{"Initialize_ClientID_variable":["Succeeded"]},"type":"InitializeVariable","inputs":{"variables":[{"name":"SecretID","type":"string","value":"{Client-Secret}"}]}},"Get_access_token":{"runAfter":{"Initialize_ClientSecret_variable":["Succeeded"]},"type":"Http","inputs":{"method":"POST","uri":"https://login.windows.net/@{variables('TenantID')}/oauth2/token","headers":{"Content-Type":"application/x-www-form-urlencoded"},"body":"client_id=@{variables('ClientID')}&client_Secret=@{variables('SecretID')}&resource=https://manage.office.com&grant_type=client_credentials","authentication":{"type":"ActiveDirectoryOAuth","tenant":"@variables('TenantID')","audience":"https://manage.office.com","clientId":"@variables('ClientID')","secret":"@variables('SecretID')"}}},"Get_messages_from_O365_Management_API":{"runAfter":{"Parse_token_JSON_response":["Succeeded"]},"type":"Http","inputs":{"method":"GET","uri":"https://manage.office.com/api/v1.0/contoso.com/ServiceComms/Messages","headers":{"Authentication":"Bearer@{body('Parse_token_JSON_response')?['access_token']}"},"authentication":{"type":"ActiveDirectoryOAuth","tenant":"@variables('TenantID')","audience":"https://manage.office.com","clientId":"@variables('ClientID')","secret":"@variables('SecretID')"}}},"Parse_token_JSON_response":{"runAfter":{"Get_access_token":["Succeeded"]},"type":"ParseJson","inputs":{"content":"@body('Get_access_token')","schema":{"type":"object","properties":{"token_type":{"type":"string"},"expires_in":{"type":"string"},"ext_expires_in":{"type":"string"},"expires_on":{"type":"string"},"not_before":{"type":"string"},"resource":{"type":"string"},"access_token":{"type":"string"}}}}},"Parse_JSON":{"runAfter":{"Get_messages_from_O365_Management_API":["Succeeded"]},"type":"ParseJson","inputs":{"content":"@body('Get_messages_from_O365_Management_API')","schema":{"type":"object","properties":{"value":{"type":"array","items":{"type":"object","properties":{"AffectedWorkloadDisplayNames":{"type":"array"},"AffectedWorkloadNames":{"type":"array"},"Status":{},"Workload":{},"WorkloadDisplayName":{},"ActionType":{},"AffectedTenantCount":{},"AffectedUserCount":{},"Classification":{},"EndTime":{},"Feature":{},"FeatureDisplayName":{},"Id":{},"ImpactDescription":{},"LastUpdatedTime":{},"MessageType":{},"Messages":{"type":"array","items":{"type":"object","properties":{"MessageText":{"type":"string"},"PublishedTime":{"type":"string"}},"required":["MessageText","PublishedTime"]}},"PostIncidentDocumentUrl":{},"Severity":{},"StartTime":{},"Title":{}},"required":[]}}}}}},"Filter_for_Skype_and_Teams_Incidents":{"runAfter":{"Parse_JSON":["Succeeded"]},"type":"Query","inputs":{"from":"@body('Parse_JSON')?['value']","where":"@or(startsWith(item()?['Id'], 'TM'),startsWith(item()?['Id'], 'LY'))"}},"Create_and_post_incident":{"foreach":"@body('Filter_for_every_incident_in_the_last_20_min')","actions":{"Get_incident_in_SP_list":{"runAfter":{},"metadata":{"flowSystemMetadata":{"swaggerOperationId":"GetItems"}},"type":"ApiConnection","inputs":{"host":{"connection":{"name":"@parameters('$connections')['shared_sharepointonline_1']['connectionId']"},"api":{"runtimeUrl":"https://unitedstates-002.azure-apim.net/apim/sharepointonline"}},"method":"get","path":"/datasets/@{encodeURIComponent(encodeURIComponent('https://m365x825245.sharepoint.com/sites/Service-Health'))}/tables/@{encodeURIComponent(encodeURIComponent('cabb4cbf-6617-4715-940a-82f986af2e40'))}/items","queries":{"viewScopeOption":"Default","$filter":"Eventid eq '@{items('Create_and_post_incident')?['Id']}'"},"authentication":"@parameters('$authentication')"}},"Compose_Messages":{"runAfter":{"Get_incident_in_SP_list":["Succeeded"]},"type":"Compose","inputs":"@items('Create_and_post_incident')?['Messages']"},"Compose_the_last_added_message":{"runAfter":{"Compose_Messages":["Succeeded"]},"type":"Compose","inputs":"@first(outputs('Compose_Messages'))?['Messagetext']"},"Check_if_the_incident_already_exist_":{"actions":{"Create_new_item_in_SharePoint_list":{"runAfter":{},"metadata":{"flowSystemMetadata":{"swaggerOperationId":"PostItem"}},"type":"ApiConnection","inputs":{"host":{"connection":{"name":"@parameters('$connections')['shared_sharepointonline_1']['connectionId']"},"api":{"runtimeUrl":"https://unitedstates-002.azure-apim.net/apim/sharepointonline"}},"method":"post","body":{"Title":"@{items('Create_and_post_incident')['Title']}","Eventid":"@{items('Create_and_post_incident')?['Id']}","Feature":"@{items('Create_and_post_incident')?['FeatureDisplayName']}","Description":"@{items('Create_and_post_incident')?['ImpactDescription']}","Messages":"@{outputs('Compose_the_last_added_message')}","Status":"@{items('Create_and_post_incident')?['Status']}","IncidentType":"@{items('Create_and_post_incident')?['MessageType']}","StartTime":"@{items('Create_and_post_incident')?['StartTime']}","LastUpdatedTime":"@{items('Create_and_post_incident')?['LastUpdatedTime']}","Clasification":"@{items('Create_and_post_incident')?['Classification']}","Severity":"@{items('Create_and_post_incident')?['Severity']}"},"path":"/datasets/@{encodeURIComponent(encodeURIComponent('https://m365x825245.sharepoint.com/sites/Service-Health'))}/tables/@{encodeURIComponent(encodeURIComponent('cabb4cbf-6617-4715-940a-82f986af2e40'))}/items","authentication":"@parameters('$authentication')"}},"Check_for_degraded_Services_":{"actions":{"Adaptive_Card_-_Service_Degradation":{"runAfter":{},"type":"Compose","inputs":{"type":"AdaptiveCard","body":[{"type":"TextBlock","text":"Microsoft Teams - Service Health Notification","spacing":"None","weight":"Bolder","size":"Large"},{"type":"ColumnSet","columns":[{"type":"Column","width":"auto","horizontalAlignment":"Left","items":[{"type":"Image","altText":"Product Logo","style":"Person","url":"@{body('Microsoft_Teams_Logo_URL')?['Url']}","size":"Small"}]},{"type":"Column","width":"stretch","items":[{"type":"TextBlock","text":"@{body('Create_new_item_in_SharePoint_list')?['Eventid']}","size":"Large"},{"type":"TextBlock","text":"@{body('Create_new_item_in_SharePoint_list')['Title']}","spacing":"None","wrap":true,"color":"Attention"}]}]},{"type":"TextBlock","text":"@{body('Create_new_item_in_SharePoint_list')?['Description']}","wrap":true},{"type":"FactSet","facts":[{"title":"Status","value":"@{body('Create_new_item_in_SharePoint_list')?['Status']}"},{"title":"Feature DisplayName","value":"@{body('Create_new_item_in_SharePoint_list')?['Feature']}"},{"title":"Start Time","value":"@{body('Create_new_item_in_SharePoint_list')?['StartTime']}"},{"title":"Last Updated Time","value":"@{body('Create_new_item_in_SharePoint_list')?['LastUpdatedTime']}"},{"title":"Classification","value":"@{body('Create_new_item_in_SharePoint_list')?['Clasification']}"},{"title":"Severity","value":"@{body('Create_new_item_in_SharePoint_list')?['Severity']}"}],"spacing":"ExtraLarge","separator":true},{"type":"TextBlock","wrap":true,"separator":true,"spacing":"ExtraLarge","text":"@{body('Create_new_item_in_SharePoint_list')?['Messages']}"},{"type":"ActionSet","actions":[{"type":"Action.OpenUrl","title":"Go to item","url":"@{body('Create_new_item_in_SharePoint_list')?['{Link}']}","iconUrl":"@{body('SharePoint_Logo_URL')?['Url']}"}]}],"version":"1.0","$schema":"http://adaptivecards.io/schemas/adaptive-card.json"}},"Post_degradated_Services":{"runAfter":{"Adaptive_Card_-_Service_Degradation":["Succeeded"]},"metadata":{"flowSystemMetadata":{"swaggerOperationId":"PostChannelAdaptiveCard"}},"type":"ApiConnection","inputs":{"host":{"connection":{"name":"@parameters('$connections')['shared_teams']['connectionId']"},"api":{"runtimeUrl":"https://unitedstates-002.azure-apim.net/apim/teams"}},"method":"post","body":{"recipient":{"channelId":"19:5517ed99f01d45fcb8515a08004fd7c1@thread.skype"},"messageBody":"@{outputs('Adaptive_Card_-_Service_Degradation')}"},"path":"/flowbot/actions/adaptivecard/recipienttypes/channel","queries":{"groupId":"06aa2e1e-c07b-4aee-b802-465c457f09b7"},"authentication":"@parameters('$authentication')"}}},"runAfter":{"Create_new_item_in_SharePoint_list":["Succeeded"]},"expression":{"contains":["@body('Create_new_item_in_SharePoint_list')?['Status']","Service Degradation"]},"type":"If"}},"runAfter":{"Compose_the_last_added_message":["Succeeded"]},"else":{"actions":{"Update_each_SharePoint_item":{"foreach":"@body('Get_incident_in_SP_list')?['value']","actions":{"Update_item":{"runAfter":{},"metadata":{"flowSystemMetadata":{"swaggerOperationId":"PatchItem"}},"type":"ApiConnection","inputs":{"host":{"connection":{"name":"@parameters('$connections')['shared_sharepointonline_1']['connectionId']"},"api":{"runtimeUrl":"https://unitedstates-002.azure-apim.net/apim/sharepointonline"}},"method":"patch","body":{"Title":"@items('Update_each_SharePoint_item')?['Title']","Eventid":"@{items('Create_and_post_incident')?['Id']}","Messages":"@{outputs('Compose_the_last_added_message')}","Status":"@{items('Create_and_post_incident')?['Status']}","LastUpdatedTime":"@{items('Create_and_post_incident')?['LastUpdatedTime']}","EndTime":"@{items('Create_and_post_incident')?['EndTime']}","Clasification":"@{items('Create_and_post_incident')?['Classification']}","Severity":"@{items('Create_and_post_incident')?['Severity']}"},"path":"/datasets/@{encodeURIComponent(encodeURIComponent('https://m365x825245.sharepoint.com/sites/Service-Health'))}/tables/@{encodeURIComponent(encodeURIComponent('cabb4cbf-6617-4715-940a-82f986af2e40'))}/items/@{encodeURIComponent(items('Update_each_SharePoint_item')?['ID'])}","authentication":"@parameters('$authentication')"}},"Check_for_restored_Services":{"actions":{"Adaptive_Card_-_Service_restored":{"runAfter":{},"type":"Compose","inputs":{"type":"AdaptiveCard","body":[{"type":"TextBlock","text":"Microsoft Teams - Service Health Notification","spacing":"None","weight":"Bolder","size":"Large"},{"type":"ColumnSet","columns":[{"type":"Column","width":"auto","horizontalAlignment":"Left","items":[{"type":"Image","altText":"Product Logo","style":"Person","url":"@{body('Microsoft_Teams_Logo_URL')?['Url']}","size":"Small"}]},{"type":"Column","width":"stretch","items":[{"type":"TextBlock","text":"@{body('Update_item')?['Eventid']}","size":"Large"},{"type":"TextBlock","text":"@{body('Update_item')['Title']}","spacing":"None","wrap":true,"color":"Attention"}]}]},{"type":"TextBlock","text":"@{body('Update_item')?['Description']}","wrap":true},{"type":"FactSet","facts":[{"title":"Status","value":"@{body('Update_item')?['Status']}"},{"title":"End Time","value":"@{body('Update_item')?['EndTime']}"}]},{"type":"ActionSet","actions":[{"type":"Action.OpenUrl","title":"Go to item","url":"@{body('Update_item')?['{Link}']}","iconUrl":"@{body('SharePoint_Logo_URL')?['Url']}"}]}],"version":"1.0","$schema":"http://adaptivecards.io/schemas/adaptive-card.json"}},"Post_restored_Service":{"runAfter":{"Adaptive_Card_-_Service_restored":["Succeeded"]},"metadata":{"flowSystemMetadata":{"swaggerOperationId":"PostChannelAdaptiveCard"}},"type":"ApiConnection","inputs":{"host":{"connection":{"name":"@parameters('$connections')['shared_teams']['connectionId']"},"api":{"runtimeUrl":"https://unitedstates-002.azure-apim.net/apim/teams"}},"method":"post","body":{"recipient":{"channelId":"19:5517ed99f01d45fcb8515a08004fd7c1@thread.skype"},"messageBody":"@{outputs('Adaptive_Card_-_Service_restored')}"},"path":"/flowbot/actions/adaptivecard/recipienttypes/channel","queries":{"groupId":"06aa2e1e-c07b-4aee-b802-465c457f09b7"},"authentication":"@parameters('$authentication')"}}},"runAfter":{"Update_item":["Succeeded"]},"expression":{"contains":["@body('Update_item')?['Status']","Service restored"]},"type":"If"}},"runAfter":{},"type":"Foreach"}}},"expression":{"equals":["@empty(body('Get_incident_in_SP_list')?['value'])","@true"]},"type":"If"}},"runAfter":{"Filter_for_every_incident_in_the_last_20_min":["Succeeded"]},"type":"Foreach"},"Filter_for_every_incident_in_the_last_20_min":{"runAfter":{"Filter_for_Skype_and_Teams_Incidents":["Succeeded"]},"type":"Query","inputs":{"from":"@body('Filter_for_Skype_and_Teams_Incidents')","where":"@greaterOrEquals(item()?['LastUpdatedTime'], addMinutes(utcnow(), -20))"}},"Filter_for_MCN":{"runAfter":{"Parse_JSON":["Succeeded"]},"type":"Query","inputs":{"from":"@body('Parse_JSON')?['value']","where":"@and(startsWith(item()?['Id'], 'MC'),contains(item()?['AffectedWorkloadNames'], 'microsoftteams'))"}},"Filter_for_every_MCN_notification_in_the_last_20_min":{"runAfter":{"Filter_for_MCN":["Succeeded"]},"type":"Query","inputs":{"from":"@body('Filter_for_MCN')","where":"@greaterOrEquals(item()?['LastUpdatedTime'], addMinutes(utcnow(), -20))"}},"Create_MCN_SP_entry":{"foreach":"@body('Parse_the_MCN_response')","actions":{"Get_MCN_in_SP_list":{"runAfter":{},"metadata":{"flowSystemMetadata":{"swaggerOperationId":"GetItems"}},"type":"ApiConnection","inputs":{"host":{"connection":{"name":"@parameters('$connections')['shared_sharepointonline_1']['connectionId']"},"api":{"runtimeUrl":"https://unitedstates-002.azure-apim.net/apim/sharepointonline"}},"method":"get","path":"/datasets/@{encodeURIComponent(encodeURIComponent('https://m365x825245.sharepoint.com/sites/Service-Health'))}/tables/@{encodeURIComponent(encodeURIComponent('f1b1540f-4a3c-4ca3-96d7-e43b05227310'))}/items","queries":{"$filter":"MessageId eq '@{items('Create_MCN_SP_entry')['Id']}'"},"authentication":"@parameters('$authentication')"}},"Compose_Message_Text":{"runAfter":{"Parse_MCN_messages":["Succeeded"]},"type":"Compose","inputs":"@items('Create_MCN_SP_entry')['Messages'][0]['Messagetext']"},"Check_if_MCN_already_exist":{"actions":{"Create_new_MCN_SP_item":{"runAfter":{},"metadata":{"flowSystemMetadata":{"swaggerOperationId":"PostItem"}},"type":"ApiConnection","inputs":{"host":{"connection":{"name":"@parameters('$connections')['shared_sharepointonline_1']['connectionId']"},"api":{"runtimeUrl":"https://unitedstates-002.azure-apim.net/apim/sharepointonline"}},"method":"post","body":{"Title":"@items('Create_MCN_SP_entry')['Title']","MessageId":"@items('Create_MCN_SP_entry')['Id']","Message":"@body('MCN_message_-_Html_to_text')","LastUpdatedTime":"@items('Create_MCN_SP_entry')['LastUpdatedTime']","Category":"@items('Create_MCN_SP_entry')['Category']","ExternalLink":"@items('Create_MCN_SP_entry')['ExternalLink']","BlogLink":"@items('Create_MCN_SP_entry')['BlogLink']","HelpLink":"@items('Create_MCN_SP_entry')['HelpLink']"},"path":"/datasets/@{encodeURIComponent(encodeURIComponent('https://m365x825245.sharepoint.com/sites/Service-Health'))}/tables/@{encodeURIComponent(encodeURIComponent('f1b1540f-4a3c-4ca3-96d7-e43b05227310'))}/items","authentication":"@parameters('$authentication')"}},"Condition":{"actions":{"Post_your_own_adaptive_card_as_the_Flow_bot_to_a_channel":{"runAfter":{"Adaptive_Card_-_MCN":["Succeeded"]},"metadata":{"flowSystemMetadata":{"swaggerOperationId":"PostChannelAdaptiveCard"}},"type":"ApiConnection","inputs":{"host":{"connection":{"name":"@parameters('$connections')['shared_teams']['connectionId']"},"api":{"runtimeUrl":"https://unitedstates-002.azure-apim.net/apim/teams"}},"method":"post","body":{"recipient":{"channelId":"19:5517ed99f01d45fcb8515a08004fd7c1@thread.skype"},"messageBody":"@{outputs('Adaptive_Card_-_MCN')}"},"path":"/flowbot/actions/adaptivecard/recipienttypes/channel","queries":{"groupId":"06aa2e1e-c07b-4aee-b802-465c457f09b7"},"authentication":"@parameters('$authentication')"}},"Adaptive_Card_-_MCN":{"runAfter":{},"type":"Compose","inputs":{"type":"AdaptiveCard","body":[{"type":"TextBlock","text":"Microsoft Teams - Call to Action","spacing":"None","weight":"Bolder","size":"Large"},{"type":"ColumnSet","columns":[{"type":"Column","width":"auto","horizontalAlignment":"Left","items":[{"type":"Image","altText":"Product Logo","style":"Person","url":"@{body('Microsoft_Teams_Logo_URL')?['Url']}","size":"Small"}]},{"type":"Column","width":"stretch","items":[{"type":"TextBlock","text":"@{body('Create_new_MCN_SP_item')?['MessageId']}","size":"Large"},{"type":"TextBlock","text":"@{body('Create_new_MCN_SP_item')['Title']}","spacing":"None","wrap":true,"color":"Attention"}]}]},{"type":"FactSet","facts":[{"title":"Last Updated Time","value":"@{body('Create_new_MCN_SP_item')?['LastUpdatedTime']}"},{"title":"Category","value":"@{body('Create_new_MCN_SP_item')?['Category']}"}],"spacing":"ExtraLarge","separator":true},{"type":"ActionSet","actions":[{"type":"Action.OpenUrl","title":"Go to item","url":"@{body('Create_new_MCN_SP_item')?['{Link}']}","iconUrl":"@{body('SharePoint_Logo_URL')?['Url']}"}]}],"version":"1.0","$schema":"http://adaptivecards.io/schemas/adaptive-card.json"}}},"runAfter":{"Create_new_MCN_SP_item":["Succeeded"]},"expression":{"equals":["@body('Create_new_MCN_SP_item')?['Category']","Plan For Change"]},"type":"If"}},"runAfter":{"MCN_message_-_Html_to_text":["Succeeded"]},"else":{"actions":{"Update_each_MCN_SP_item":{"foreach":"@body('Get_MCN_in_SP_list')?['value']","actions":{"Update_MCN_SP_item":{"runAfter":{},"metadata":{"flowSystemMetadata":{"swaggerOperationId":"PatchItem"}},"type":"ApiConnection","inputs":{"host":{"connection":{"name":"@parameters('$connections')['shared_sharepointonline_1']['connectionId']"},"api":{"runtimeUrl":"https://unitedstates-002.azure-apim.net/apim/sharepointonline"}},"method":"patch","body":{"Title":"@items('Update_each_MCN_SP_item')?['Title']","MessageId":"@body('Parse_MCN_messages')?['Id']","Message":"@body('MCN_message_-_Html_to_text')","LastUpdatedTime":"@items('Create_MCN_SP_entry')['LastUpdatedTime']","Category":"@items('Create_MCN_SP_entry')['Category']","ExternalLink":"@items('Create_MCN_SP_entry')['ExternalLink']","BlogLink":"@items('Create_MCN_SP_entry')['BlogLink']","HelpLink":"@items('Create_MCN_SP_entry')['BlogLink']"},"path":"/datasets/@{encodeURIComponent(encodeURIComponent('https://m365x825245.sharepoint.com/sites/Service-Health'))}/tables/@{encodeURIComponent(encodeURIComponent('f1b1540f-4a3c-4ca3-96d7-e43b05227310'))}/items/@{encodeURIComponent(items('Update_each_MCN_SP_item')?['ID'])}","authentication":"@parameters('$authentication')"}}},"runAfter":{},"type":"Foreach"}}},"expression":{"equals":["@empty(body('Get_MCN_in_SP_list')?['value'])","@true"]},"type":"If"},"MCN_message_-_Html_to_text":{"runAfter":{"Compose_Message_Text":["Succeeded"]},"metadata":{"flowSystemMetadata":{"swaggerOperationId":"HtmlToText"}},"type":"ApiConnection","inputs":{"host":{"connection":{"name":"@parameters('$connections')['shared_conversionservice']['connectionId']"},"api":{"runtimeUrl":"https://unitedstates-002.azure-apim.net/apim/conversionservice"}},"method":"post","body":"<p>@{outputs('Compose_Message_Text')}<br>\n<br>\nTo view images and access to notification directly please visit:<br>\nhttps://admin.microsoft.com/Adminportal/Home?source=applauncher#/MessageCenter</p>","path":"/html2text","authentication":"@parameters('$authentication')"}},"Compose_MCN_messages":{"runAfter":{"Get_MCN_in_SP_list":["Succeeded"]},"type":"Compose","inputs":"@items('Create_MCN_SP_entry')"},"Parse_MCN_messages":{"runAfter":{"Compose_MCN_messages":["Succeeded"]},"type":"ParseJson","inputs":{"content":"@outputs('Compose_MCN_messages')","schema":{"type":"object","properties":{"@@odata.type":{"type":"string"},"AffectedWorkloadDisplayNames":{"type":"array","items":{"type":"string"}},"AffectedWorkloadNames":{"type":"array","items":{"type":"string"}},"Status":{"type":"string"},"Workload":{},"WorkloadDisplayName":{},"ActionType":{"type":"string"},"AdditionalDetails":{"type":"array"},"AffectedTenantCount":{"type":"integer"},"AffectedUserCount":{},"Classification":{"type":"string"},"EndTime":{"type":"string"},"Feature":{},"FeatureDisplayName":{},"UserFunctionalImpact":{},"Id":{"type":"string"},"ImpactDescription":{},"LastUpdatedTime":{"type":"string"},"MessageType":{"type":"string"},"Messages":{"type":"array","items":{"type":"object","properties":{"MessageText":{"type":"string"},"PublishedTime":{"type":"string"}},"required":["MessageText","PublishedTime"]}},"PostIncidentDocumentUrl":{},"Severity":{"type":"string"},"StartTime":{"type":"string"},"TenantParams":{"type":"array"},"Title":{"type":"string"},"ActionRequiredByDate":{},"AnnouncementId":{"type":"integer"},"Category":{"type":"string"},"MessageTagNames":{"type":"array","items":{"type":"string"}},"ExternalLink":{"type":"string"},"IsDismissed":{"type":"boolean"},"IsRead":{"type":"boolean"},"IsMajorChange":{"type":"boolean"},"PreviewDuration":{},"AppliesTo":{},"MilestoneDate":{"type":"string"},"Milestone":{"type":"string"},"BlogLink":{"type":"string"},"HelpLink":{"type":"string"},"FlightName":{},"FeatureName":{}}}}}},"runAfter":{"Parse_the_MCN_response":["Succeeded"]},"type":"Foreach"},"Parse_the_MCN_response":{"runAfter":{"Filter_for_every_MCN_notification_in_the_last_20_min":["Succeeded"]},"type":"ParseJson","inputs":{"content":"@body('Filter_for_every_MCN_notification_in_the_last_20_min')","schema":{"type":"array","items":{"type":"object","properties":{"@@odata.type":{"type":"string"},"AffectedWorkloadDisplayNames":{"type":"array","items":{"type":"string"}},"AffectedWorkloadNames":{"type":"array","items":{"type":"string"}},"Status":{"type":"string"},"Workload":{},"WorkloadDisplayName":{},"ActionType":{"type":"string"},"AdditionalDetails":{"type":"array"},"AffectedTenantCount":{"type":"integer"},"AffectedUserCount":{},"Classification":{"type":"string"},"EndTime":{"type":"string"},"Feature":{},"FeatureDisplayName":{},"UserFunctionalImpact":{},"Id":{"type":"string"},"ImpactDescription":{},"LastUpdatedTime":{"type":"string"},"MessageType":{"type":"string"},"Messages":{"type":"array","items":{"type":"object","properties":{"MessageText":{"type":"string"},"PublishedTime":{"type":"string"}},"required":["MessageText","PublishedTime"]}},"PostIncidentDocumentUrl":{},"Severity":{"type":"string"},"StartTime":{"type":"string"},"TenantParams":{"type":"array"},"Title":{"type":"string"},"ActionRequiredByDate":{},"AnnouncementId":{"type":"integer"},"Category":{"type":"string"},"MessageTagNames":{"type":"array","items":{"type":"string"}},"ExternalLink":{"type":"string"},"IsDismissed":{"type":"boolean"},"IsRead":{"type":"boolean"},"IsMajorChange":{"type":"boolean"},"PreviewDuration":{},"AppliesTo":{},"MilestoneDate":{"type":"string"},"Milestone":{"type":"string"},"BlogLink":{"type":"string"},"HelpLink":{"type":"string"},"FlightName":{},"FeatureName":{}},"required":["@@odata.type","AffectedWorkloadDisplayNames","AffectedWorkloadNames","Status","Workload","WorkloadDisplayName","ActionType","AdditionalDetails","AffectedTenantCount","AffectedUserCount","Classification","EndTime","Feature","FeatureDisplayName","UserFunctionalImpact","Id","ImpactDescription","LastUpdatedTime","MessageType","Messages","PostIncidentDocumentUrl","Severity","StartTime","TenantParams","Title","ActionRequiredByDate","AnnouncementId","Category","MessageTagNames","ExternalLink","IsDismissed","IsRead","IsMajorChange","PreviewDuration","AppliesTo","MilestoneDate","Milestone","BlogLink","HelpLink","FlightName","FeatureName"]}}}},"Microsoft_Teams_Logo_URL":{"runAfter":{},"metadata":{"b!b3ee-K65u0-SIrwl6OyKQP61y0dzYupFvtIKlt9O0TuWqCI71O9eTqR_HcdAlX6O.01UO7WSQEOZL6TJDLY2ZAJKWJ7F2WY3QUN":"/images/Office365Logo96x96.png","flowSystemMetadata":{"swaggerOperationId":"GetFileThumbnail"},"b!b3ee-K65u0-SIrwl6OyKQP61y0dzYupFvtIKlt9O0TuWqCI71O9eTqR_HcdAlX6O.01UO7WSQEB753O23O77RDI2RKVIY2DST7I":"/images/Microsoft_Teams_96x96.png","b!b3ee-K65u0-SIrwl6OyKQP61y0dzYupFvtIKlt9O0TuWqCI71O9eTqR_HcdAlX6O.01UO7WSQFBOSOU5RDCPNB2FJMOCDR55YXC":"/images/Microsoft_Teams_256x256.png","b!b3ee-K65u0-SIrwl6OyKQP61y0dzYupFvtIKlt9O0TuWqCI71O9eTqR_HcdAlX6O.01UO7WSQGT6UOJOAY2FNE3KGFHZFLHFKCS":"/images/Teams_Logo.png"},"type":"ApiConnection","inputs":{"host":{"connection":{"name":"@parameters('$connections')['shared_onedriveforbusiness_1']['connectionId']"},"api":{"runtimeUrl":"https://unitedstates-002.azure-apim.net/apim/onedriveforbusiness"}},"method":"get","path":"/datasets/default/files/@{encodeURIComponent(encodeURIComponent('b!b3ee-K65u0-SIrwl6OyKQP61y0dzYupFvtIKlt9O0TuWqCI71O9eTqR_HcdAlX6O.01UO7WSQGT6UOJOAY2FNE3KGFHZFLHFKCS'))}/thumbnail","queries":{"size":"Small"},"authentication":"@parameters('$authentication')"}},"SharePoint_Logo_URL":{"runAfter":{"Microsoft_Teams_Logo_URL":["Succeeded"]},"metadata":{"b!b3ee-K65u0-SIrwl6OyKQP61y0dzYupFvtIKlt9O0TuWqCI71O9eTqR_HcdAlX6O.01UO7WSQAQSLJ62JCMJRBYFJWDQXDPNTJE":"/images/SharePointLogo96x96.png","flowSystemMetadata":{"swaggerOperationId":"GetFileThumbnail"}},"type":"ApiConnection","inputs":{"host":{"connection":{"name":"@parameters('$connections')['shared_onedriveforbusiness_1']['connectionId']"},"api":{"runtimeUrl":"https://unitedstates-002.azure-apim.net/apim/onedriveforbusiness"}},"method":"get","path":"/datasets/default/files/@{encodeURIComponent(encodeURIComponent('b!b3ee-K65u0-SIrwl6OyKQP61y0dzYupFvtIKlt9O0TuWqCI71O9eTqR_HcdAlX6O.01UO7WSQAQSLJ62JCMJRBYFJWDQXDPNTJE'))}/thumbnail","queries":{"size":"Small"},"authentication":"@parameters('$authentication')"}}},"outputs":{},"description":"Microsoft Teams Status Health and Message Center Notifications to SharePoint List and Teams\n\nVersion: 1.0"},"connectionReferences":{"shared_sharepointonline_1":{"connectionName":"4d6e7f00ad444097adc88a57ab9ef869","source":"Embedded","id":"/providers/Microsoft.PowerApps/apis/shared_sharepointonline","tier":"NotSpecified"},"shared_teams":{"connectionName":"shared-teams-762381b4-fdd1-4e50-8301-cd7fc6a499c9","source":"Embedded","id":"/providers/Microsoft.PowerApps/apis/shared_teams","tier":"NotSpecified"},"shared_conversionservice":{"connectionName":"shared-conversionser-0f25ad3d-9254-4d21-80f3-a1bc-a2c10c4c","source":"Embedded","id":"/providers/Microsoft.PowerApps/apis/shared_conversionservice","tier":"NotSpecified"},"shared_onedriveforbusiness_1":{"connectionName":"shared-onedriveforbu-374de659-8eb4-466e-95c6-05a112a61be6","source":"Embedded","id":"/providers/Microsoft.PowerApps/apis/shared_onedriveforbusiness","tier":"NotSpecified"}},"flowFailureAlertSubscribed":false}}