{"name":"6a534a00-c980-4d02-b9f3-b0a92d5c6b7e","id":"/providers/Microsoft.Flow/flows/6a534a00-c980-4d02-b9f3-b0a92d5c6b7e","type":"Microsoft.Flow/flows","properties":{"apiId":"/providers/Microsoft.PowerApps/apis/shared_logicflows","displayName":"Microsoft Teams Health and Feature Monitoring v2.1","definition":{"metadata":{"workflowEntityId":null,"processAdvisorMetadata":null,"flowclientsuspensionreason":"None","flowclientsuspensiontime":null,"creator":{"id":"f0c9976f-67d7-43e5-ad19-41c347ebdab3","type":"User","tenantId":"b7c1f4b3-2675-46b9-b756-bf14232151b7"},"provisioningMethod":"FromDefinition","failureAlertSubscription":true,"clientLastModifiedTime":"2022-03-26T21:47:20.9313849Z"},"$schema":"https://schema.management.azure.com/providers/Microsoft.Logic/schemas/2016-06-01/workflowdefinition.json#","contentVersion":"1.0.0.0","parameters":{"$connections":{"defaultValue":{},"type":"Object"},"$authentication":{"defaultValue":{},"type":"SecureObject"}},"triggers":{"Recurrence":{"recurrence":{"frequency":"Minute","interval":20,"timeZone":"W. Europe Standard Time","startTime":"2020-03-26T06:20:00Z"},"metadata":{"operationMetadataId":"5e0d4834-2f83-4f88-a920-200c049c93fa"},"type":"Recurrence"}},"actions":{"Initialize_TenantID_variable":{"runAfter":{"Initialize_Vanity_Domain_variable":["Succeeded"]},"metadata":{"operationMetadataId":"fca598f4-e590-47d6-a831-11644d62ee22"},"type":"InitializeVariable","inputs":{"variables":[{"name":"TenantID","type":"string","value":"{Tenant-Id}"}]}},"Initialize_ClientID_variable":{"runAfter":{"Initialize_TenantID_variable":["Succeeded"]},"metadata":{"operationMetadataId":"a276dde5-26c1-496a-928c-fc56719f760e"},"type":"InitializeVariable","inputs":{"variables":[{"name":"ClientID","type":"string","value":"{Client-Id}"}]}},"Initialize_ClientSecret_variable":{"runAfter":{"Initialize_ClientID_variable":["Succeeded"]},"metadata":{"operationMetadataId":"808b1203-792b-4ec0-873d-88a5e6a826c5"},"type":"InitializeVariable","inputs":{"variables":[{"name":"SecretID","type":"string","value":"{Client-Secret}"}]}},"Get_access_token":{"runAfter":{"Initialize_ClientSecret_variable":["Succeeded"]},"metadata":{"operationMetadataId":"15b036c1-1184-4279-8646-805c0d95b545"},"type":"Http","inputs":{"method":"POST","uri":"https://login.microsoftonline.com/@{variables('TenantID')}/oauth2/token","headers":{"Content-Type":"application/x-www-form-urlencoded"},"body":"client_id=@{variables('ClientID')}&client_Secret=@{variables('SecretID')}&resource=https://graph.microsoft.com&grant_type=client_credentials","authentication":{"type":"ActiveDirectoryOAuth","tenant":"@variables('TenantID')","audience":"https://graph.microsoft.com","clientId":"@variables('ClientID')","secret":"@variables('SecretID')"}}},"Parse_token_JSON_response":{"runAfter":{"Get_access_token":["Succeeded"]},"metadata":{"operationMetadataId":"47734a3d-0f9e-4bad-9b43-98c47ac9a28e"},"type":"ParseJson","inputs":{"content":"@body('Get_access_token')","schema":{"type":"object","properties":{"token_type":{"type":"string"},"expires_in":{"type":"string"},"ext_expires_in":{"type":"string"},"expires_on":{"type":"string"},"not_before":{"type":"string"},"resource":{"type":"string"},"access_token":{"type":"string"}}}}},"Parse_MC_JSON":{"runAfter":{"Get_MC_from_Graph_API":["Succeeded"]},"metadata":{"operationMetadataId":"780b20f2-a0d0-4901-a29b-3080ed3b54d6"},"type":"ParseJson","inputs":{"content":"@body('Get_MC_from_Graph_API')","schema":{"type":"object","properties":{"@@odata.context":{"type":"string"},"value":{"type":"array","items":{"type":"object","properties":{"startDateTime":{"type":"string"},"endDateTime":{"type":"string"},"lastModifiedDateTime":{"type":"string"},"title":{"type":"string"},"id":{"type":"string"},"category":{"type":"string"},"severity":{"type":"string"},"tags":{"type":"array","items":{"type":"string"}},"isMajorChange":{"type":"boolean"},"actionRequiredByDateTime":{},"services":{"type":"array","items":{"type":"string"}},"expiryDateTime":{},"hasAttachments":{"type":"boolean"},"viewPoint":{},"details":{"type":"array","items":{"type":"object","properties":{"name":{"type":"string"},"value":{"type":"string"}},"required":["name","value"]}},"body":{"type":"object","properties":{"contentType":{"type":"string"},"content":{"type":"string"}}}},"required":["startDateTime","endDateTime","lastModifiedDateTime","title","id","category","severity","tags","isMajorChange","actionRequiredByDateTime","services","expiryDateTime","hasAttachments","viewPoint","details","body"]}}}}}},"Initialize_Vanity_Domain_variable":{"runAfter":{},"metadata":{"operationMetadataId":"fd2605e2-4a8d-4557-94c0-788ac5ac92e6"},"type":"InitializeVariable","inputs":{"variables":[{"name":"Vanity Domain","type":"string","value":"{Vanity-Domain}"}]}},"Get_MC_from_Graph_API":{"runAfter":{"Delay_MC_Graph_query":["Succeeded"]},"metadata":{"operationMetadataId":"8c37e200-3269-4208-ae68-2f712bbbe7d0"},"type":"Http","inputs":{"method":"GET","uri":"https://graph.microsoft.com/v1.0/admin/serviceAnnouncement/messages@{variables('McMessageFilterString')}","headers":{"Authentication":"Bearer @{body('Parse_token_JSON_response')?['access_token']}"},"authentication":{"type":"ActiveDirectoryOAuth","tenant":"@variables('TenantID')","audience":"https://graph.microsoft.com","clientId":"@variables('ClientID')","secret":"@variables('SecretID')"}}},"MC_Filter_String":{"runAfter":{"Parse_token_JSON_response":["Succeeded"]},"metadata":{"operationMetadataId":"24efb019-81df-4ac1-968a-afd3e3664f04"},"type":"InitializeVariable","inputs":{"variables":[{"name":"McMessageFilterString","type":"string","value":"?$filter=services/any(s:s eq 'Microsoft Teams')"}]}},"Filter_MC_-_updated_last_20_min":{"runAfter":{"Parse_MC_JSON":["Succeeded"]},"metadata":{"operationMetadataId":"c0dcc008-1e7d-48a2-ad5f-9b273e43c692"},"type":"Query","inputs":{"from":"@body('Parse_MC_JSON')?['value']","where":"@greaterOrEquals(item()?['lastModifiedDateTime'], addMinutes(utcnow(), -20))"}},"Iterate_through_MCs":{"foreach":"@body('Filter_MC_-_updated_last_20_min')","actions":{"Get_MCs_in_SP_List":{"runAfter":{},"metadata":{"operationMetadataId":"cfe96597-b108-4fce-883b-64b050d0ad27","flowSystemMetadata":{"swaggerOperationId":"GetItems"}},"type":"ApiConnection","inputs":{"host":{"connection":{"name":"@parameters('$connections')['shared_sharepointonline_1']['connectionId']"},"api":{"runtimeUrl":"https://unitedstates-002.azure-apim.net/apim/sharepointonline"}},"method":"get","path":"/datasets/@{encodeURIComponent(encodeURIComponent('https://ghostride.sharepoint.com/sites/teams-health-mon'))}/tables/@{encodeURIComponent(encodeURIComponent('2704f7e8-9947-4ef5-9e50-d2b089ed4265'))}/items","queries":{"$filter":"MessageId eq '@{items('Iterate_through_MCs')?['id']}'"},"authentication":"@parameters('$authentication')"}},"Content_-_Html_to_text":{"runAfter":{"Replace_HTTP_img_attributes_2":["Succeeded"]},"metadata":{"operationMetadataId":"62f37ef7-2dec-492b-a60f-941969dbbe67","flowSystemMetadata":{"swaggerOperationId":"HtmlToText"}},"type":"ApiConnection","inputs":{"host":{"connection":{"name":"@parameters('$connections')['shared_conversionservice']['connectionId']"},"api":{"runtimeUrl":"https://unitedstates-002.azure-apim.net/apim/conversionservice"}},"method":"post","body":"<p>@{body('Parse_MC_JSON_items')?['body']?['content']}<br>\n<br>\nTo view images and get access to notifications directly please visit:<br>\nhttps://admin.microsoft.com/Adminportal/Home?source=applauncher#/MessageCenter</p>","path":"/html2text","authentication":"@parameters('$authentication')"}},"Check_if_MC_already_exists":{"actions":{"Create_new_MC_item_in_SP":{"runAfter":{},"metadata":{"operationMetadataId":"d9ace1aa-896d-447d-a5c8-867454d33913","flowSystemMetadata":{"swaggerOperationId":"PostItem"}},"type":"ApiConnection","inputs":{"host":{"connection":{"name":"@parameters('$connections')['shared_sharepointonline_1']['connectionId']"},"api":{"runtimeUrl":"https://unitedstates-002.azure-apim.net/apim/sharepointonline"}},"method":"post","body":{"Title":"@items('Iterate_through_MCs')?['title']","MessageId":"@items('Iterate_through_MCs')?['id']","Message":"@body('Content_-_Html_to_text')","LastUpdatedTime":"@items('Iterate_through_MCs')?['lastModifiedDateTime']","Category":"@items('Iterate_through_MCs')?['category']","ExternalLink":"@items('Iterate_through_MCs')?['severity']","BlogLink":"@{join(items('Iterate_through_MCs')?['tags'],', ')}","HelpLink":"@{items('Iterate_through_MCs')?['actionRequiredByDateTime']}"},"path":"/datasets/@{encodeURIComponent(encodeURIComponent('https://ghostride.sharepoint.com/sites/teams-health-mon'))}/tables/@{encodeURIComponent(encodeURIComponent('2704f7e8-9947-4ef5-9e50-d2b089ed4265'))}/items","authentication":"@parameters('$authentication')"}},"Check_for_plan_for_change":{"actions":{"Post_MC_to_channel":{"runAfter":{},"metadata":{"operationMetadataId":"36e460d5-e0b9-40a6-b615-0eae6ee53c8c","flowSystemMetadata":{"swaggerOperationId":"PostMessageToConversation"}},"type":"ApiConnection","inputs":{"host":{"connection":{"name":"@parameters('$connections')['shared_teams']['connectionId']"},"api":{"runtimeUrl":"https://unitedstates-002.azure-apim.net/apim/teams"}},"method":"post","body":{"recipient":{"groupId":"220f4c75-d042-4fa3-b315-cb70a3c5cf12","channelId":"19:695c76d40865446e9a5a18d8644fbe11@thread.tacv2"},"messageBody":"<p><span style=\"font-size: 13px\"><strong>@{body('Create_new_MC_item_in_SP')['Title']}</strong></span><br>\n<br>\n<span style=\"color: rgb(204,0,0); font-size: 12px\"><strong>Microsoft Teams - Plan for Change</span></strong><br>\n<span style=\"font-size: 12px\"><strong>@{body('Create_new_MC_item_in_SP')?['MessageId']}</strong></span><br>\n<br>\n<span style=\"font-size: 12px\">@{outputs('Replace_HTTP_img_attributes_2')}</span><br>\n<br>\n<span style=\"font-size: 12px\"><strong>Last update time: </strong></span><span style=\"font-size: 12px\">@{body('Create_new_MC_item_in_SP')?['LastUpdatedTime']}</span><br>\n<span style=\"font-size: 12px\"><strong>Category: </strong></span><span style=\"font-size: 12px\">@{body('Create_new_MC_item_in_SP')?['Category']}</span><br>\n<span style=\"font-size: 12px\"><strong>Tags: </strong></span><span style=\"font-size: 12px\">@{body('Create_new_MC_item_in_SP')?['BlogLink']}</span><br>\n<span style=\"font-size: 12px\"><strong>Action Required By: </strong></span><span style=\"font-size: 12px\">@{body('Create_new_MC_item_in_SP')?['HelpLink']}</span><br>\n\n<br>\n<span style=\"color: rgb(0,0,0); font-size: 12px\"><a href=\"@{body('Create_new_MC_item_in_SP')?['{Link}']}\">SharePoint List item</a></span></p>"},"path":"/beta/teams/conversation/message/poster/@{encodeURIComponent('Flow bot')}/location/@{encodeURIComponent('Channel')}","authentication":"@parameters('$authentication')"}}},"runAfter":{"Create_new_MC_item_in_SP":["Succeeded"]},"else":{"actions":{"Post_message_in_a_chat_or_channel":{"runAfter":{},"metadata":{"operationMetadataId":"469dac25-29d7-4e45-bef2-1a3d3f082fcb","flowSystemMetadata":{"swaggerOperationId":"PostMessageToConversation"}},"type":"ApiConnection","inputs":{"host":{"connection":{"name":"@parameters('$connections')['shared_teams']['connectionId']"},"api":{"runtimeUrl":"https://unitedstates-002.azure-apim.net/apim/teams"}},"method":"post","body":{"recipient":{"groupId":"220f4c75-d042-4fa3-b315-cb70a3c5cf12","channelId":"19:695c76d40865446e9a5a18d8644fbe11@thread.tacv2"},"messageBody":"<p><span style=\"font-size: 13px\"><strong>@{body('Create_new_MC_item_in_SP')['Title']}</strong></span><br>\n<br>\n<span style=\"font-size: 12px\"><strong>Microsoft Teams - Stay informed</span></strong><br>\n<span style=\"font-size: 12px\"><strong>@{body('Create_new_MC_item_in_SP')?['MessageId']}</strong></span><br>\n<br>\n<span style=\"font-size: 12px\">@{outputs('Replace_HTTP_img_attributes_2')}</span><br>\n<br>\n<span style=\"font-size: 12px\"><strong>Last update time: </strong></span><span style=\"font-size: 12px\">@{body('Create_new_MC_item_in_SP')?['LastUpdatedTime']}</span><br>\n<span style=\"font-size: 12px\"><strong>Category: </strong></span><span style=\"font-size: 12px\">@{body('Create_new_MC_item_in_SP')?['Category']}</span><br>\n<span style=\"font-size: 12px\"><strong>Tags: </strong></span><span style=\"font-size: 12px\">@{body('Create_new_MC_item_in_SP')?['BlogLink']}</span><br>\n<span style=\"font-size: 12px\"><strong>Action Required By: </strong></span><span style=\"font-size: 12px\">@{body('Create_new_MC_item_in_SP')?['HelpLink']}</span><br>\n\n<br>\n<span style=\"color: rgb(0,0,0); font-size: 12px\"><a href=\"@{body('Create_new_MC_item_in_SP')?['{Link}']}\">SharePoint List item</a></span></p>"},"path":"/beta/teams/conversation/message/poster/Flow bot/location/@{encodeURIComponent('Channel')}","authentication":"@parameters('$authentication')"}}}},"expression":{"equals":["@body('Create_new_MC_item_in_SP')?['Category']","planForChange"]},"metadata":{"operationMetadataId":"4543a884-0c69-4a12-bc27-75443416fea9"},"type":"If"}},"runAfter":{"Content_-_Html_to_text":["Succeeded"]},"else":{"actions":{"Update_MC_items_in_SP":{"foreach":"@body('Get_MCs_in_SP_List')?['value']","actions":{"Update_MC_in_SP":{"runAfter":{},"metadata":{"operationMetadataId":"fd2caf5c-79bb-4e4c-b6dc-0674f90169c0","flowSystemMetadata":{"swaggerOperationId":"PatchItem"}},"type":"ApiConnection","inputs":{"host":{"connection":{"name":"@parameters('$connections')['shared_sharepointonline_1']['connectionId']"},"api":{"runtimeUrl":"https://unitedstates-002.azure-apim.net/apim/sharepointonline"}},"method":"patch","body":{"Title":"@items('Update_MC_items_in_SP')?['Title']","MessageId":"@items('Iterate_through_MCs')?['id']","Message":"@body('Content_-_Html_to_text')","LastUpdatedTime":"@items('Iterate_through_MCs')?['lastModifiedDateTime']","Category":"@items('Iterate_through_MCs')?['category']","ExternalLink":"@items('Iterate_through_MCs')?['severity']","BlogLink":"@{join(items('Iterate_through_MCs')?['tags'],', ')}","HelpLink":"@{items('Iterate_through_MCs')?['actionRequiredByDateTime']}"},"path":"/datasets/@{encodeURIComponent(encodeURIComponent('https://ghostride.sharepoint.com/sites/teams-health-mon'))}/tables/@{encodeURIComponent(encodeURIComponent('2704f7e8-9947-4ef5-9e50-d2b089ed4265'))}/items/@{encodeURIComponent(items('Update_MC_items_in_SP')?['ID'])}","authentication":"@parameters('$authentication')"}}},"runAfter":{},"metadata":{"operationMetadataId":"502f887b-c88d-477f-a7ed-de7193a28b11"},"type":"Foreach"}}},"expression":{"equals":["@empty(body('Get_MCs_in_SP_list')?['value'])","@true"]},"metadata":{"operationMetadataId":"ebe95920-8278-4dbb-b544-35a3a2b539a3"},"type":"If"},"Compose_MC_content":{"runAfter":{"Parse_MC_JSON_items":["Succeeded"]},"metadata":{"operationMetadataId":"f1e0d241-ae9f-4ee4-b8f1-ff51fd606837"},"type":"Compose","inputs":"@body('Parse_MC_JSON_items')?['body']?['content']"},"Parse_MC_JSON_items":{"runAfter":{"Get_MCs_in_SP_List":["Succeeded"]},"metadata":{"operationMetadataId":"79c98cf3-78d8-4a47-b0c4-f1eb27ac1953"},"type":"ParseJson","inputs":{"content":"@items('Iterate_through_MCs')","schema":{"type":"object","properties":{"startDateTime":{"type":"string"},"endDateTime":{"type":"string"},"lastModifiedDateTime":{"type":"string"},"title":{"type":"string"},"id":{"type":"string"},"category":{"type":"string"},"severity":{"type":"string"},"tags":{"type":"array","items":{"type":"string"}},"isMajorChange":{"type":"boolean"},"actionRequiredByDateTime":{},"services":{"type":"array","items":{"type":"string"}},"expiryDateTime":{},"hasAttachments":{"type":"boolean"},"viewPoint":{},"details":{"type":"array"},"body":{"type":"object","properties":{"contentType":{"type":"string"},"content":{"type":"string"}}}}}}},"Replace_HTTP_img_attributes_1":{"runAfter":{"Compose_MC_content":["Succeeded"]},"metadata":{"operationMetadataId":"a5775977-4910-4451-a4c7-9efcff34712a"},"type":"Compose","inputs":"@replace(outputs('Compose_MC_content'),'img src=\"http://','img src=\"https://')"},"Replace_HTTP_img_attributes_2":{"runAfter":{"Replace_HTTP_img_attributes_1":["Succeeded"]},"metadata":{"operationMetadataId":"7d3c953d-f021-4e2f-bcbc-24a674a39d9d"},"type":"Compose","inputs":"@replace(outputs('Replace_HTTP_img_attributes_1'),'0\">','0.0\" loading=\"lazy\">')"}},"runAfter":{"Filter_MC_-_updated_last_20_min":["Succeeded"]},"metadata":{"operationMetadataId":"a79d37ed-36ec-4c1e-8a96-51772bae646b"},"type":"Foreach"},"Issue_Filter_String":{"runAfter":{"MC_Filter_String":["Succeeded"]},"metadata":{"operationMetadataId":"56a878d4-a561-4ef4-91dc-2fbb23ee8cc9"},"type":"InitializeVariable","inputs":{"variables":[{"name":"IssueMessageFilterString","type":"string","value":"?$filter=service eq 'Microsoft Teams'"}]}},"Parse_issues_JSON":{"runAfter":{"Get_issues_from_Graph_API":["Succeeded"]},"metadata":{"operationMetadataId":"a95e7c4e-86ac-4ae0-83ea-61767a71de7c"},"type":"ParseJson","inputs":{"content":"@body('Get_issues_from_Graph_API')","schema":{"type":"object","properties":{"@@odata.context":{"type":"string"},"value":{"type":"array","items":{"type":"object","properties":{"startDateTime":{"type":"string"},"endDateTime":{"type":["string","null"]},"lastModifiedDateTime":{"type":"string"},"title":{"type":"string"},"id":{"type":"string"},"impactDescription":{"type":"string"},"classification":{"type":"string"},"origin":{"type":"string"},"status":{"type":"string"},"service":{"type":"string"},"feature":{"type":"string"},"featureGroup":{"type":"string"},"isResolved":{"type":"boolean"},"highImpact":{},"details":{"type":"array","items":{"type":"object","properties":{"name":{"type":"string"},"value":{"type":"string"}},"required":["name","value"]}},"posts":{"type":"array","items":{"type":"object","properties":{"createdDateTime":{"type":"string"},"postType":{"type":"string"},"description":{"type":"object","properties":{"contentType":{"type":"string"},"content":{"type":"string"}}}},"required":["createdDateTime","postType","description"]}}},"required":["startDateTime","endDateTime","lastModifiedDateTime","title","id","impactDescription","classification","origin","status","service","feature","featureGroup","isResolved","highImpact","details","posts"]}}}}}},"Filter_issues_-_updated_last_20_min":{"runAfter":{"Parse_issues_JSON":["Succeeded"]},"metadata":{"operationMetadataId":"0c6eae43-bd4e-496c-9c0b-4096d8703354"},"type":"Query","inputs":{"from":"@body('Parse_issues_JSON')?['value']","where":"@greaterOrEquals(item()?['lastModifiedDateTime'], addMinutes(utcnow(), -20))"}},"Iterate_through_issues":{"foreach":"@body('Filter_issues_-_updated_last_20_min')","actions":{"Compose_posts":{"runAfter":{"Get_issues_in_SP_list":["Succeeded"]},"metadata":{"operationMetadataId":"558e8590-1848-433d-8889-0aa52c1b12cc"},"type":"Compose","inputs":"@items('Iterate_through_issues')?['posts']"},"Get_issues_in_SP_list":{"runAfter":{},"metadata":{"operationMetadataId":"4914c2b9-5cfb-4fd3-a622-3bd14742ddc8","flowSystemMetadata":{"swaggerOperationId":"GetItems"}},"type":"ApiConnection","inputs":{"host":{"connection":{"name":"@parameters('$connections')['shared_sharepointonline_1']['connectionId']"},"api":{"runtimeUrl":"https://unitedstates-002.azure-apim.net/apim/sharepointonline"}},"method":"get","path":"/datasets/@{encodeURIComponent(encodeURIComponent('https://ghostride.sharepoint.com/sites/teams-health-mon'))}/tables/@{encodeURIComponent(encodeURIComponent('1e2234c9-c1bc-4043-8f8a-f53d358eaa46'))}/items","queries":{"$filter":"Eventid eq '@{items('Iterate_through_issues')?['id']}'"},"authentication":"@parameters('$authentication')"}},"Compose_last_post":{"runAfter":{"Compose_posts":["Succeeded"]},"metadata":{"operationMetadataId":"f1e7a989-6756-4d2c-afb8-35193d6c2913"},"type":"Compose","inputs":"@last(outputs('Compose_posts'))?['Description']"},"Condition":{"actions":{"Create_issue_in_SP_list":{"runAfter":{},"metadata":{"operationMetadataId":"c8a58d6a-95d2-4843-8657-3db02b6b772e","flowSystemMetadata":{"swaggerOperationId":"PostItem"}},"type":"ApiConnection","inputs":{"host":{"connection":{"name":"@parameters('$connections')['shared_sharepointonline_1']['connectionId']"},"api":{"runtimeUrl":"https://unitedstates-002.azure-apim.net/apim/sharepointonline"}},"method":"post","body":{"Title":"@items('Iterate_through_issues')?['title']","Eventid":"@items('Iterate_through_issues')?['id']","Feature":"@items('Iterate_through_issues')?['feature']","Description":"@items('Iterate_through_issues')?['impactDescription']","Clasification":"@items('Iterate_through_issues')?['classification']","Status":"@items('Iterate_through_issues')?['status']","IncidentType":"@{items('Iterate_through_issues')?['isResolved']}","Messages":"@body('Issue_post_-_Html_to_text')","StartTime":"@items('Iterate_through_issues')?['startDateTime']","LastUpdatedTime":"@items('Iterate_through_issues')?['lastModifiedDateTime']","EndTime":"@items('Iterate_through_issues')?['endDateTime']","Highimpact":"@{items('Iterate_through_issues')?['highImpact']}"},"path":"/datasets/@{encodeURIComponent(encodeURIComponent('https://ghostride.sharepoint.com/sites/teams-health-mon'))}/tables/@{encodeURIComponent(encodeURIComponent('1e2234c9-c1bc-4043-8f8a-f53d358eaa46'))}/items","authentication":"@parameters('$authentication')"}},"Check_if_service_is_degraded":{"actions":{"Post_degradation_to_channel":{"runAfter":{},"metadata":{"operationMetadataId":"52a73394-996b-42e1-b227-0262de11d091","flowSystemMetadata":{"swaggerOperationId":"PostMessageToConversation"}},"type":"ApiConnection","inputs":{"host":{"connection":{"name":"@parameters('$connections')['shared_teams']['connectionId']"},"api":{"runtimeUrl":"https://unitedstates-002.azure-apim.net/apim/teams"}},"method":"post","body":{"recipient":{"groupId":"220f4c75-d042-4fa3-b315-cb70a3c5cf12","channelId":"19:b0058bd95daa48fdaf2ac7da8e0ce643@thread.tacv2"},"messageBody":"<p><span style=\"font-size: 13px\"><strong>@{body('Create_issue_in_SP_list')['Title']}</strong></span><br>\n<br>\n<span style=\"color: rgb(204,0,0); style=\"font-size: 12px\"><strong>Microsoft Teams - Service Degradation</span></strong><br>\n<span style=\"font-size: 12px\"><strong>@{body('Create_issue_in_SP_list')?['Eventid']}</strong></span><br>\n<br>\n<span style=\"font-size: 12px\">@{body('Create_issue_in_SP_list')?['Description']}</span><br>\n<br>\n<span style=\"font-size: 12px\">Status:</span><br>\n<span style=\"font-size: 12px\">@{body('Parse_JSON')?['content']}</span><br>\n<br>\n<span style=\"font-size: 12px\"><strong>Classification: </strong></span><span style=\"font-size: 12px\">@{body('Create_issue_in_SP_list')?['Clasification']}</span><br>\n<span style=\"font-size: 12px\"><strong>High Impact: </strong></span><span style=\"font-size: 12px\">@{body('Create_issue_in_SP_list')?['Highimpact']}</span><br>\n<span style=\"font-size: 12px\"><strong>Feature: </strong></span><span style=\"font-size: 12px\">@{body('Create_issue_in_SP_list')?['Feature']}</span><br>\n<br>\n<span style=\"color: rgb(0,0,0); font-size: 12px\"><a href=\"@{body('Create_issue_in_SP_list')?['{Link}']}\">SharePoint List item</a></span></p>"},"path":"/beta/teams/conversation/message/poster/Flow bot/location/@{encodeURIComponent('Channel')}","authentication":"@parameters('$authentication')"}}},"runAfter":{"Create_issue_in_SP_list":["Succeeded"]},"expression":{"contains":["@body('Create_issue_in_SP_list')?['Status']","serviceDegradation"]},"metadata":{"operationMetadataId":"a5079182-4c2c-402e-aa6b-7607e701ef2e"},"type":"If"}},"runAfter":{"Issue_post_-_Html_to_text":["Succeeded"]},"else":{"actions":{"Update_SP_issue_items":{"foreach":"@body('Get_issues_in_SP_list')?['value']","actions":{"Update_item":{"runAfter":{},"metadata":{"operationMetadataId":"18a23452-d66b-4dd1-be29-710e497c9416","flowSystemMetadata":{"swaggerOperationId":"PatchItem"}},"type":"ApiConnection","inputs":{"host":{"connection":{"name":"@parameters('$connections')['shared_sharepointonline_1']['connectionId']"},"api":{"runtimeUrl":"https://unitedstates-002.azure-apim.net/apim/sharepointonline"}},"method":"patch","body":{"Title":"@items('Update_SP_issue_items')?['Title']","Eventid":"@items('Iterate_through_issues')?['id']","Feature":"@items('Iterate_through_issues')?['feature']","Description":"@items('Iterate_through_issues')?['impactDescription']","Clasification":"@items('Iterate_through_issues')?['classification']","Status":"@items('Iterate_through_issues')?['status']","IncidentType":"@{items('Iterate_through_issues')?['isResolved']}","Messages":"@body('Issue_post_-_Html_to_text')","StartTime":"@items('Iterate_through_issues')?['startDateTime']","LastUpdatedTime":"@items('Iterate_through_issues')?['lastModifiedDateTime']","EndTime":"@items('Iterate_through_issues')?['endDateTime']","Highimpact":"@{items('Iterate_through_issues')?['highImpact']}"},"path":"/datasets/@{encodeURIComponent(encodeURIComponent('https://ghostride.sharepoint.com/sites/teams-health-mon'))}/tables/@{encodeURIComponent(encodeURIComponent('1e2234c9-c1bc-4043-8f8a-f53d358eaa46'))}/items/@{encodeURIComponent(items('Update_SP_issue_items')?['ID'])}","authentication":"@parameters('$authentication')"}}},"runAfter":{},"metadata":{"operationMetadataId":"553640f5-0b37-4c8a-aa6b-0b7e057da60e"},"type":"Foreach"}}},"expression":{"equals":["@empty(body('Get_issues_in_SP_list')?['value'])","@true"]},"metadata":{"operationMetadataId":"5d157337-b2fd-4e41-bc10-7e27745837ba"},"type":"If"},"Issue_post_-_Html_to_text":{"runAfter":{"Parse_JSON":["Succeeded"]},"metadata":{"operationMetadataId":"cae63dd5-669f-4777-a122-466b84547e2b","flowSystemMetadata":{"swaggerOperationId":"HtmlToText"}},"type":"ApiConnection","inputs":{"host":{"connection":{"name":"@parameters('$connections')['shared_conversionservice']['connectionId']"},"api":{"runtimeUrl":"https://unitedstates-002.azure-apim.net/apim/conversionservice"}},"method":"post","body":"<p>@{body('Parse_JSON')?['content']}</p>","path":"/html2text","authentication":"@parameters('$authentication')"}},"Parse_JSON":{"runAfter":{"Compose_last_post":["Succeeded"]},"metadata":{"operationMetadataId":"9fd93353-8f7f-47d4-b25c-21ba281baa5b"},"type":"ParseJson","inputs":{"content":"@outputs('Compose_last_post')","schema":{"type":"object","properties":{"contentType":{"type":"string"},"content":{"type":"string"}}}}}},"runAfter":{"Filter_issues_-_updated_last_20_min":["Succeeded"]},"metadata":{"operationMetadataId":"ac9ac984-cfb1-40f5-954b-5bb3ce36edc3"},"type":"Foreach"},"Delay_MC_Graph_query":{"runAfter":{"Issue_Filter_String":["Succeeded"]},"metadata":{"operationMetadataId":"7321bfcc-4e52-42cc-8334-3a2669f66d3a"},"type":"Wait","inputs":{"interval":{"count":5,"unit":"Second"}}},"Get_issues_from_Graph_API":{"runAfter":{"Issue_Filter_String":["Succeeded"]},"metadata":{"operationMetadataId":"3e2a7cbf-a768-4577-bfc2-5d79a3f4539d"},"type":"Http","inputs":{"method":"GET","uri":"https://graph.microsoft.com/v1.0/admin/serviceAnnouncement/issues@{variables('IssueMessageFilterString')}","headers":{"Authentication":"Bearer @{body('Parse_token_JSON_response')?['access_token']}"},"authentication":{"type":"ActiveDirectoryOAuth","tenant":"@variables('TenantID')","audience":"https://graph.microsoft.com","clientId":"@variables('ClientID')","secret":"@variables('SecretID')"}}}},"outputs":{},"description":"Microsoft Teams service issues and Message Center notifications as Teams posts and to SharePoint lists."},"connectionReferences":{"shared_sharepointonline_1":{"connectionName":"dce787beeb41469984304505c601d77f","source":"Embedded","id":"/providers/Microsoft.PowerApps/apis/shared_sharepointonline","tier":"NotSpecified"},"shared_conversionservice":{"connectionName":"93abfb237a2847209d2db78ddea093c2","source":"Embedded","id":"/providers/Microsoft.PowerApps/apis/shared_conversionservice","tier":"NotSpecified"},"shared_teams":{"connectionName":"shared-teams-ea3c3a2e-3d83-4e5d-a87c-bb85082fdf70","source":"Embedded","id":"/providers/Microsoft.PowerApps/apis/shared_teams","tier":"NotSpecified"}},"flowFailureAlertSubscribed":false}}